"V1","V2","V3","V4","V5","V6","V7"
407,1280795612,-169270483,-442010614,-603558397,-222347416,1489374793
407,4246464,-231956060,-471632796,1620595781,533443421,594164961
407,317200966,-183608609,-331475888,-286302502,-854727955,-608024097
407,329312609,1836843925,-1481558119,-156903236,-989007769,556931653
407,867834292,352478644,-1119136754,1704148475,1755264716,1803175825
407,1370565445,1959603947,-1976511073,2043163430,1388275052,-1975245106
407,-511514910,-134072324,1410877824,13941577,-1418397719,153036302
407,-231953774,1244116782,1524766476,592516651,-1021781877,-606144084
407,1737061553,1363840520,253860105,1487780069,279118839,1295390014
407,-140622389,1871732937,-1109849893,-1524679440,262062070,1546911046
407,2140642938,1563565364,-1827039471,-657429381,-1902684196,1643449727
407,-1458173120,152434298,1298396829,1302792000,904019114,-138228196
407,-1330235318,-772609931,-304698503,1250240036,1621737985,655707894
407,546656983,-2133810495,-304682807,2110991356,-1179673656,1721033211
407,20162980,-721634564,-1187797575,1094781427,-1251010545,615610851
407,-1977785839,302263154,205591861,2055377487,-1288152732,558902298
407,1954001047,1149305384,-1262444753,-494109330,1384220953,-967452355
407,638368900,-2076246503,-98614474,647403642,-1058965914,2003382492
407,-1000796894,733587919,-976648753,778808739,-647043831,2143123806
407,1715965349,-1668066907,-1569972281,1804390585,-157976461,1985965737
407,-1110516598,1457036988,1638997397,-1947079132,-239910354,1028498745
407,244669065,746653212,546594508,-1208320315,1089406603,-555538772
407,2093690763,518078774,58088604,-969702538,1227439575,-1241403740
407,-1421235698,1138580056,-1676163999,1432204920,254546529,-802500996
407,-259819614,641490366,839119785,-1875197459,-1081301450,800169619
407,1546652147,318998090,-453569889,657971477,1637261317,138343979
407,-1338716250,-502328578,1101179332,-124283836,1866615645,1966983425
407,-292403393,1606233508,-1641094626,-1762578495,-1210927417,1985263118
407,1415088190,716445167,555036314,1812125315,2006843114,1274631428
407,1867133035,1720667054,907768052,-447406873,321805989,-1363290653
407,67173628,-1481639038,-1501381119,1881921401,-174243985,-224209808
407,985870164,1556136632,-1493591115,-145913970,2048659450,-884162785
407,1917434078,-1177974441,-1596759177,-1513758512,1830299399,-1889098064
407,1557731656,-971849841,251280479,1949256271,-255140651,-1038365747
407,66409634,-864230651,1567794232,-1210883567,1096082336,45740950
407,1094300939,-886830805,-1846681026,-1674584417,1107309274,806225243
407,1587177642,-1975617156,-237762927,-1988541092,-1893509949,-1265071038
407,996552182,1574602778,-291688887,-1003375780,256751245,1457849252
407,1271511695,-1989168331,1788102214,-670970684,-1779997242,1175946310
407,-1372649679,-1157040461,1375302174,1391261151,1687706216,-995791560
407,18802171,-148020821,1992489399,-219462436,1325344974,-643101854
407,-1568554577,1172440275,1331775936,-584792404,963537337,1410037589
407,-1060255405,-2059553192,-923082299,639867540,-1708472773,-1433818240
407,-1824829918,1719902464,-663980655,-65139704,1723464945,-2088814897
407,1615880073,-1323191790,1611204412,-1864397440,-320168217,-1551381992
407,1522601172,1695179611,582806434,639126127,-1162417587,1980226860
407,1986874889,425596247,935389600,-1716925712,-438129690,834928608
407,700007973,781353363,1492694511,-1095144108,-1573249663,-1883911953
407,-1525078667,-1574411231,-2028143535,-532474586,-252778482,1957538026
407,-2027616592,-235459772,2039450230,736713001,-1699507323,720212085
407,-1044138766,1543065696,1576187086,-666203552,-933043462,1401635335
407,-1791573185,531785805,-1610224300,-611900995,-634131684,-1785662969
407,-1584327888,-817217329,249582103,-1214261436,-814783783,621124297
407,-2116067612,-1509383561,-1899316832,-1665970671,633036885,568064793
407,344834692,-723979572,-731618260,-14818744,-926684885,331163184
407,-104825115,557424603,1300771500,-691952355,2075397940,585134749
407,-1838242484,485999695,800041776,1320329332,-1640727473,1046618583
407,743000548,908736398,-75516021,-1025309113,575258402,-1228088018
407,588675447,1859218356,-438473363,-235924617,2143372233,-1575741384
407,-1513963906,-641952632,2126752154,1881606159,130885541,150761643
407,1644767068,-2125285243,1794960945,1490356086,-611706791,-821606519
407,173623822,1240381976,1111548592,-1998538818,-1237543842,1691339700
407,-833586327,-1688850193,533140333,1959737930,-539337433,-33794924
407,634526854,429950421,-626533376,-1155076169,-1894850718,-1315682838
407,-124939967,1245644652,237382147,-1708163680,476820575,1539120690
407,-2103352154,-1037996571,1454092789,388788915,-315852534,281274911
407,-815745273,206388215,304439798,167712840,202696508,1769197398
407,-950409488,1661468507,524745506,1473207631,992915868,-674256952
407,471459992,-837794611,-118386614,-259121539,-1814063167,-1203710070
407,395863555,-93438862,-43235675,-989021957,553806980,-464488323
407,362043276,-133478804,-548116480,-1862907416,622776949,1476725840
407,-2036422553,1252044502,-1163195124,2035130154,-1682906465,1440255213
407,380591618,-43968587,-1013333155,1754632494,2094267213,-443266259
407,1495540613,-1889522731,448440605,-111858039,315115623,-1577256167
407,1962392268,-765900625,-1409418324,1032224548,-1253608408,380309517
407,1753275362,-2000337711,-1263788272,-1282630431,-1486753994,-1244861505
407,480287301,100949320,707118518,-1144077463,398078727,455761991
407,-1486590830,583074229,-413485733,-1647331319,885603179,-962730852
407,806552711,-1663670317,-76375622,779580907,-148098563,-863431225
407,-1314973960,-1962636257,-634926041,1040436517,1097411673,940309318
407,522634074,-1185832561,1186038240,-1411605125,-1465080276,-415784058
407,1202301284,-1792616738,834673635,-1884159500,369390038,763721508
407,-1389198055,-1199727127,1935501444,859304054,1501013558,-1221061642
407,-173203242,-1906162117,-1404611403,1116761404,-1731942571,99855303
407,-926188096,890544864,2067551653,1628399284,1515359290,-2004533898
407,-1459586557,28049821,-6771148,1834007347,-641128195,-139757912
407,862388595,-521733329,-1536699143,1423197523,1252553262,267451064
407,1455907072,-331520462,1595989949,-588382786,-255787698,117023153
407,-1697622065,-643430836,828359681,367521208,465458407,-562478020
407,29431600,1710718671,2047567948,-1398605631,280550202,-610985397
407,-114235039,531533333,-1548423339,-1351662278,-833845915,1752685552
407,2064180311,2075126695,213717546,-248143983,1500861397,31796500
407,799044073,1402490771,230849179,1211561303,1648030364,-2111764271
407,1261966825,-1705796171,-1939662989,2026436006,1854309869,-1916125373
407,-1015583055,-862467733,-1298924054,798908777,336096778,1161365531
407,-1549074852,-1733384671,904430285,-1060386426,-565106054,993623108
407,1245305405,2130168208,489854291,1876122346,948295699,-211481448
407,-2022639305,-1063812149,-705623468,-1953235342,1120822601,1075322260
407,1654977048,118378457,-674497439,976177669,2139490308,475222234
407,2059237131,1085504512,1867175975,-1847419244,-553509546,72790687
407,1816592577,378223499,1409783454,-1084744364,-1920379381,437730145
407,881560386,1451437032,2142616697,234806419,-1287925081,-1300586304
407,-433796032,-363507798,-1550501152,776608786,73161907,597411501
407,-408726450,1311511759,-498380292,-612763564,-631642226,-524537139
407,-1103682536,1355634568,1666916689,-848990192,2103616760,-2121951673
407,1693669385,-1007183200,-372851022,-907871748,-714533937,-60489751
407,766609045,1317918022,-1463056881,1717800550,-1441964869,-939470300
407,325054695,1967253452,2130507980,1761537201,-30637392,-1052096347
407,-89104555,1751564158,916731998,-149387582,-1732414709,1858713092
407,-1809088336,1312397700,-1369287160,-708413746,-226827084,-2071411849
407,346169965,-896738364,-1220410870,-1857584324,-1675147330,820799402
407,-1191425579,-1858571971,-368041546,2132667457,1286504188,-399302561
407,-968097952,-620070513,-1784915687,-1040067044,-1424045523,-794276039
407,1386455611,-703869618,-1735075362,483463543,-1089680656,1884873083
407,-1330604221,1143901787,1479183576,-187157190,-1180773147,-1253103893
407,1031584099,1748556893,891427855,1134646365,1419905088,1131151808
407,-1457277131,254605775,48191823,-548545682,351025260,-1806036646
407,-1232530674,-1511078120,-22426726,1279539499,-458574584,-1507482725
407,1444770857,1401191696,-1908800159,1031971763,2071085303,1409181462
407,-1283961974,946725886,873740223,-662498961,1204698700,-747936073
407,-2091045085,1503567551,-1261050912,-1295384259,-1176754761,-2072697062
407,116252103,-747613107,299319746,-1724627300,-1005847502,-206013148
407,20186272,-126110271,788253992,705090930,1997356550,-1909290188
407,752106118,-324755536,-67949149,-1967671365,-1859579386,1622577795
407,-1768643137,1371005802,-691483665,1111456914,-20667851,566449064
407,-1418804797,-127732966,400632304,-904003159,-223087377,791357859
407,-1875374008,-1726654176,-792757864,-1843643677,-1903241161,546600067
407,654130486,-555756062,-1677294133,-917856389,1416735226,-310810979
407,364027058,-1074496877,1150800128,330522677,-540026324,2062809409
407,1071910183,762979118,1310859901,-506954386,-1136240292,-2066085626
407,-1666916425,770890044,-215744674,1985234346,-2066553714,1549760717
407,1783088086,126149783,-368069133,-1665776715,1047262040,614466188
407,123008685,-1811547777,-1476811392,-766933859,-1965284730,1805604635
407,-47181938,836347221,733573474,1001514372,-1782467283,716592802
407,-360958287,1046979419,-591901726,-1777160985,1851534526,641150883
407,-439712997,-745213983,-2028157066,1498979737,-864982183,1603668928
407,-1346217539,-1842736869,1145042276,-1106572046,2114567574,-1217419520
407,1181558340,166098070,650703852,-704454583,1506784910,-1577573760
407,838054397,1984769755,-1613427958,-221478292,-268095539,-2087020202
407,2113471772,1477834058,1268241000,-864827273,1313164695,2023354439
407,-1529137922,-490382403,-2056065456,-1551194327,-2025641995,1429097808
407,-1396609078,-103086135,1068043367,-803973521,-1054326490,1469538609
407,-1076903799,1481455399,-1002270075,505810610,-2051779976,1525189469
407,614498359,1880143892,1203338539,1667580921,-607856930,-2066818578
407,940998007,1837289763,-1302919545,-200261024,-1088369872,431263611
407,-1549787290,-2032145953,698105962,-1643203529,296325404,-769961454
407,-1112531708,-897416533,87634460,-211833335,485252282,2087029786
407,-1053421781,1698655587,2043509199,-2060415514,834410723,-286858756
407,-1605351655,-1578388943,-947721595,1481065499,-1602814369,-935703162
407,-1381594858,-437500739,763401315,400996664,2066989293,-1054356333
407,-1868762674,-95724258,-1765184676,-1093335382,1331671599,683152945
407,1432718809,-779963359,1612648848,2019248584,1284970982,-1127264606
407,902974779,-2058858015,-1804043319,799813579,732506261,-321942369
407,-1041255949,-273717384,924231236,-2006984621,-1903518075,1244710861
407,-2089782786,1840817291,-344239624,-778477709,-1963744156,313118913
407,1707511095,-1493101429,-1016862753,-252859369,-1410168175,-218945838
407,-1758251570,-330853615,-2067376072,1959920471,-556274229,408890833
407,-1764450064,-81195318,-135568656,690249668,-1523963453,-1239321589
407,-862469738,-2025633570,229515567,-771140308,-1495261998,-1493376535
407,299662498,-464044312,-1721928291,-857918265,1604024342,-711986818
407,-816254426,-1832979299,-1981067141,2128523865,-638662288,-490333050
407,1960091598,-303034608,1933093167,1497306128,-1617616180,1891559521
407,-1262921374,-849928715,-557762555,947314951,-1677346931,147514134
407,1780557492,1033476050,-113545539,613528433,1289119342,-1199068687
407,-119691405,569838259,233071258,631010264,1458586697,-1353526049
407,1205257150,1365703063,1812405452,426051667,-1019009271,-1259668354
407,-859084778,-1331354727,-1266896607,-1380856384,-436122696,92858450
407,481416059,-945346165,1059483769,1372333173,-1980031947,1497297484
407,583671336,1816030649,1746337497,-2075902278,-1700411326,1438383286
407,184573723,1342797168,2073103788,55302097,9702035,352837118
407,2100495164,739356367,1964382270,-566110374,-143527136,1384922677
407,-2099970596,-2058227708,-1782680931,1704477589,-1083892925,-376042111
407,-1057123897,-1331062798,-55274319,1325990877,232329884,853138660
407,2032595571,641191609,-74272824,402211331,1420814263,-1296971155
407,3439357,2121139545,-2095965092,-519586559,-1425749396,621569580
407,-1867867418,-1440435189,1882660468,-1644276818,-1015105559,-240814839
407,1058548109,645217688,-1590944049,-1417185236,-1927805576,1147521945
407,1270093879,1163803864,166276115,974662507,-725251190,2111146752
407,-973799644,428286731,-1162213614,827589719,-971238802,-1444799200
407,-1972974665,-869765434,-1603909709,-349748328,1378964763,-1431973880
407,1973410328,1617261945,362292259,-1052638000,133448511,-372328646
407,-1481212788,300453937,-2137840459,-574597276,-843728478,171874798
407,-1146271421,797029455,1611083210,1941669143,1588690640,-33171357
407,-2137326731,-1151257088,1890910992,2078910936,556721560,203425543
407,1621020717,1236048117,-967591384,-1465806362,144816840,890261107
407,-349185242,-546702131,1959419374,-17858390,1602294930,-1278329412
407,-481953138,1916331387,-712726988,-1890879512,-267452081,-1370769427
407,-1149618569,1725256193,-1747797760,-823715408,-1789396792,-1621901784
407,-686552113,-325642796,1101145282,-666159256,2077530055,-621627115
407,-260414894,1687134230,-664598652,-810076221,-55310645,1816386513
407,1344317290,2098197497,-1074636780,1329396439,-68837226,1703549488
407,614689524,779069739,-461027728,-823665706,-1529755494,-2048154718
407,1687301939,-214195663,538326335,954149830,-1691289750,-923735769
407,-39137907,-2045959005,730620479,-221805835,-1268995291,-801431678
407,-211929399,-210350068,869943319,1650870445,1334237039,-849749700
407,1699083167,-1981316007,-801257227,2086997291,-2008638687,-281501822
407,-870465840,226232399,976374098,1206640671,-1632744524,113460912
407,-800566555,1888235369,1154011753,161887720,79946759,-2012169574
407,-795841133,578826740,876141605,-1531226014,1337051708,-854512384
407,212247802,-801140145,-463948697,-2061286173,1929258876,1660626101
407,691843048,-836486678,1399436145,2141844644,1923169592,1485896341
407,1553287701,726823090,-1849692664,-842175414,-383776422,1738213890
407,-1534822805,-649178536,-1502996575,891581940,-1524595090,1743762087
407,997884203,1902095957,-1614101775,-2068272914,-245751611,418814944
407,1895260618,-728214067,1708666755,-1697487062,-915411863,-1008497544
407,-992505527,-528062226,-1569389236,-704301467,-296416926,-76308988
407,-224501906,-1823944420,-1377583069,1175440590,2130367170,-1119881999
407,-245519112,-1720724810,-1515399364,1104952841,-413039272,1198883793
407,-1600521221,-358443420,-1181120013,-1352023283,-1857276608,-448417468
407,-180387250,1682378927,1735337768,2066045595,-784323275,2000172890
407,288740437,-714268272,2030001910,1592283572,137724029,-1235633461
407,713462007,-69445486,1887381209,467999551,1239940232,1339975086
407,40987198,-103328217,-2091800650,557755398,1675434488,-1225175001
407,116300055,-1851949134,-1712202436,323439686,-1791124500,1399375085
407,-277019421,-1416745896,-918231829,-1894366656,-1771566594,249086945
407,1890746884,-213891803,-1514563602,-509063669,1243262787,-2049713054
407,-1092378164,1864374191,2049779742,556212058,-570155723,-791040261
407,248550873,-619508467,-471893243,592003707,638463871,-77338337
407,683242643,1354168118,-875749327,2020462859,-1040813662,-1725258001
407,-1840990342,-1214445038,1565080579,420619435,437418575,1448387527
407,-2085608101,-398073412,-1279311494,-270168235,333245206,699782404
407,-266673742,-1885379323,700164431,-515004674,-1305212483,-495005200
407,-2129200469,-887116950,691891933,268765839,-1438411451,1426342623
407,-572546178,1298357338,1050982894,114740721,1476059652,773320555
407,1118405212,-2106550716,1520755467,-232588387,688553402,2120383031
407,940341306,1151506378,643532185,500619101,-1153380072,-655573531
407,606784811,-748513650,631957593,1994912900,1587427768,415355758
407,1704478021,1949087683,65986957,-1526000046,56207521,1644287569
407,265088721,1123901662,1205860629,2141091542,801089313,-2116707506
407,222655919,1399319460,901931823,195575465,-1573633860,-1000879956
407,789678242,1641131021,1036257842,-1118532974,-1516344328,532775960
407,-853166405,-1198718320,-1082254117,98008868,2079989823,-791807866
407,-1432450911,-928989402,-1052984018,-1664106264,-1788124008,-1275754750
407,854816975,980837430,-278644347,-130535815,1713367238,982854024
407,-167088992,-1298903133,-840838629,-1020610868,-358583525,-642969959
407,1198591186,-1912408227,-1370777673,-1105732557,2127007032,-432999580
407,1963847054,523916306,-1224360996,-1643972793,1903541234,1828992908
407,1161434593,-1084197191,-425738350,-877748458,-161383128,144611132
407,-1807264549,-514374953,1716966115,-356294958,802173928,1812361148
407,-977977519,-902605597,-1171188083,1563599307,-1787730280,-963393136
407,779156106,1765886492,344740608,1054492813,2088176599,-362528737
407,291365456,1043847612,1058441756,1873299983,-556941085,918078104
407,-1600938560,-753520109,-776064466,1463727953,1535941463,664139370
407,19022832,-1741584904,-326732355,700141383,-214841158,-128371450
407,910579590,-1798441296,-295969770,-1169652433,855918485,-1528506707
407,-1722040411,232241332,-1351004642,-1300762532,1380213259,526287757
407,-766515049,1068770666,-2066928273,1498002023,-2085288374,1064050380
407,-1549263760,807219184,-1095596534,-796068323,-202497412,-368230831
407,1255150160,-1943689875,-1583845218,1356092841,1714679396,-959881585
407,923043433,2131038537,-788518518,-828004642,-966587353,1616026414
407,1880382243,518745644,-636355637,37079761,-1721169836,-1408601026
407,-1987076131,613773048,-1020852069,1995485662,2013576162,-233270267
407,238492834,460727769,-530691670,2054416095,-1331446613,42702329
407,1026921498,326224841,1341372496,-2076942138,-316752347,2080172541
407,-1596846425,357331938,-902471466,-1051135715,1972881040,801439871
407,-1534902043,-90179969,-319937873,1313617455,-1322225490,711368706
407,-1842800974,711429628,-1569326224,1425109287,-1612346038,-1560936833
407,1057372415,1355553229,317188512,1922563963,992743040,-1480639581
407,337983915,-943465137,1285126720,-1593862602,1035434315,-333229770
407,-1609029374,1113971812,-1892908791,-1703451244,117705720,-1285320257
407,-438099003,-1403934176,2113506314,-1885913281,-609390847,-118051720
407,1271198803,1941879374,-970828603,1227757861,-407027718,-893656799
407,-1628046342,-112141863,858318236,1828342778,492013736,-522285790
407,-1808950498,2103044412,1306014221,-1374512768,-988840207,-2043140943
407,-2077166290,-605291608,1352839464,-1030726705,1746724574,-1582762137
407,1155611281,902107856,993126596,-1194391879,-1849748066,1081646855
407,-1267214237,-1759796091,-627587109,923466699,463109879,-530084452
407,-268552955,639222381,-990907688,1480758056,1216397238,1522290516
407,-821701269,-330228816,1624094233,-1246859807,-924127616,-2062933406
407,389918297,875582499,-603820561,-784143603,-2080532480,772925197
407,1263411397,-1597102777,-51317434,499446900,-2025645333,1397410676
407,230000515,-1701397775,-2143106359,1673183253,-492957584,952963691
407,818360873,955897049,-647009774,189067405,21452106,-798831983
407,1953813531,-1589551813,-1652400274,871429153,-1558043510,-939181576
407,1426737650,-1329733397,-862559059,-1274442090,-1676585284,-686887577
407,-771355028,-57907496,1395079556,1371363809,2126616727,-211231667
407,478155932,1120675745,-1978840736,-1143985753,1088188700,1620097981
407,-1590478676,91737367,-1531191214,580267620,710112028,-616490625
407,-2102296987,554686491,975125811,2138643106,955506617,642011890
407,1367713144,108982703,988199814,1796034392,-985803901,-795770984
407,1897571549,-1167764198,-638256213,701061437,-1156469278,458529624
407,1669069989,445204343,382723791,-838625313,-1442381194,398222646
407,1275843566,1293039552,2047973905,1352759763,318916452,-557490504
407,856952524,165808152,-1038794543,-1982439958,-700393559,1619356790
407,-880569075,38293241,-327837707,1139019233,-1619427448,1107329660
407,1635140090,-1947882985,493317427,1035084633,-1052619720,-223829882
407,2081724813,1452209725,175104340,1808127574,-1739290372,-241947718
407,2029844128,-787490356,339325373,-1048954880,-1721089830,-617809905
407,446534928,-1504882770,-922483705,-1607361690,1990439092,1771039231
407,-958124491,-721080739,-1472589188,-813062684,1499706148,-1242467706
407,-639383618,844278542,1287106130,-565722782,1422946168,506018814
407,-692905426,832516184,-317279947,-812180804,-1612911540,805724716
407,1409443816,-1762726583,1390939789,243463608,467064437,-876192640
407,1837558807,-644533336,372552659,-786030486,-340525246,267783120
407,884993039,563937193,-374453147,196388907,-652243535,1992132618
407,881871649,-1453550001,-817071155,744806505,-2129540251,2075961400
407,-1246738745,1252576879,1469178616,1397102751,-1319851050,-573213036
407,-1596978134,-1810366672,-1297916872,1815456450,-957347176,-1442697194
407,447336657,1145955779,-889289014,582226202,141059954,-1193359361
407,1849924147,-365161955,1295761339,639455463,-1922579881,803506855
407,437142335,544507912,-399623139,-769709455,-2110659081,-989379095
407,1909081464,-1725751699,1452679695,-1622818122,1582388915,2112943331
407,-1924825536,1782897660,-1681519186,536319385,-1231026836,-553692264
407,1256692091,1792659128,-793861199,-1619495086,1626729700,-2010287204
407,1192309301,-770548283,-374534043,270183526,-1515808753,1180786538
407,765806012,874186788,-900050100,-1272048274,1263754652,-2141275457
407,36361783,1341563987,-1600440935,742088641,-966566898,1543324157
407,933321481,-1985676357,912326856,-466632525,-478444225,-1566985682
407,608798215,1219784904,734596483,745940071,53344849,1013830348
407,1559982715,1644116639,-333589773,-1817140788,-144882809,-1385849740
407,-1798140689,-454309338,-1980989770,1614537636,-846801345,1897441104
407,2075900428,-1756311242,1468053895,1847713510,-921461505,1806818242
407,1122088292,1236943799,-1747795905,499504238,-357905568,551661559
407,1907822829,-140643659,-1400733105,645589807,2079682082,1427028029
407,2096086004,-269415850,-1268688546,1817388375,-1251283983,-1897358162
407,1703292528,1318051304,1947175157,1526695425,1625656436,-1448202685
407,807572828,1872460537,2137539658,-233778529,563361149,1125412894
407,2050250608,1162924419,-640860636,-1968696720,1087832710,-220180575
407,-1966730470,-66589166,327365124,2033187143,-555637845,1723534916
407,-239569122,-43275743,-429484888,-1668144840,1484494216,-164233652
407,276391638,846546381,32158199,2025006949,1672469488,-532389785
407,-1085149783,835723634,1422308208,610600617,-1424673090,-311796080
407,-713446324,-1368887498,2140757696,1780914211,1769911215,-1383037346
407,-549516,-1435320302,73031159,483099050,1920977862,-786847900
407,-1062550563,-1421854995,1248908899,1168794000,-1195318448,-1282044402
407,1557147339,-581039375,843620983,-458601665,-281704225,713628482
407,-582241159,850732205,-817181797,-261462155,1754076854,589160923
407,388422523,-1302308988,769275559,-2118008294,-1788232507,951443733
407,-956750647,1260187250,-718639589,773478634,231156924,-1376097104
407,-1039381181,-428133507,-399496706,1624050689,-2110835106,-40576902
407,-1121944590,-198888536,369686488,-272897999,908748084,-977230980
407,-303708274,-1322781717,273459636,758241467,1558089213,-1480928882
407,-97788278,1768506796,1093949092,2116539214,665034063,1660670547
407,-1655168142,-1020738347,-851986553,-2089848243,1670503129,-1897205604
407,976228332,-1574187528,-807563319,-1554918667,258503922,-1705849159
407,1916675207,-473045463,-1555888596,-905618291,-839765347,1463794249
407,-1738659732,-1470680680,-1286685959,190669407,1880066814,627745143
407,-704210022,1936263345,-409070246,-352963500,455057095,2062604681
407,1723381351,216151526,-1448943706,1670336600,1034425031,-1384847027
407,1104954475,838014169,483459467,1103971330,-896154939,-1318202376
407,-1380497444,1687818205,-1965552995,-168404358,734841012,1536653755
407,1889626267,-487281031,-536999652,1512938856,-1767953507,-962772869
407,-640612998,-188719837,1250460446,-646096824,1547551208,2083764206
407,1992081464,-963780355,985495552,516164835,1935722420,941956139
407,386337542,1320218584,376954195,486243233,-544187451,1786992246
407,-1207800751,1333731117,-2012027250,1719139489,524988749,-534121408
407,-956248564,2018729804,-1053155141,-1516019010,-1741593457,457311947
407,-539144802,1412402631,783612741,790802203,1439806305,-626932538
407,1360682063,1737573731,-1848275916,182343582,1015572903,-639392944
407,-1597664737,2076943694,-1159655161,2066860768,453876185,324811652
407,717526510,-1126164501,1365845282,1316723670,-1154858563,2007215379
407,-397598245,12100772,370421631,-1315947872,39307736,1837514257
407,1650729057,318802398,1509764992,-496178106,-1675443721,1630396918
407,1076226223,-2136131573,1762659488,-340574196,1392154406,-789979485
407,299125943,1370286889,-1799734164,85940401,1192793480,1161410268
407,696917959,-136830414,-392331944,1780006871,917414246,353736867
407,1717634998,-1770517982,815286951,750734719,-1955307281,-263597016
407,-797919833,1266518615,-1341387092,2054435040,-1771685625,751043782
407,-1675766356,-1610964426,-1060969379,-992299214,219540785,-1871953991
407,-1763177199,854373784,-438763862,1527073354,1475612365,-322327355
407,1333685983,-1182610673,1971423377,148235616,2088579991,-67200576
407,-1082615682,712469527,-1725893795,1414368322,-1143356682,-2115527228
407,139423665,-323519038,-1470284481,-1786152883,-385096968,1239546863
407,-628037700,669647194,1530415732,-615393938,-602069278,1411564768
407,-353794861,-1266853619,-968663272,-1344721521,1439228876,1144031644
407,403138258,1430711244,-1752249391,-932186558,-1194414275,-359917203
407,-1099121173,1786195876,779034089,-1956191958,-1006689579,-1318081841
407,1063962305,-52486823,1913872967,-547134116,-1528301922,-1711403249
407,2098130824,-2004463208,-1363302731,-819468243,-1610199828,-2118511248
407,-1220959659,-1124247087,-1842383173,-477567903,-932547493,-1029430078
407,1603304820,-226443558,-24943381,-1825694863,-480536775,413890976
407,60972305,87647270,-139357858,673158216,32801695,-406972742
407,1194918064,-1365865427,1057019580,1999064134,1971266558,-1068238239
407,1487395685,1755257264,1425692699,1238131564,-2024539713,82101267
407,-1757863659,-1117003766,-1084615667,-731923586,405568006,-682179879
407,-1455607932,-899416039,-830044427,1658396729,1944136196,-1747004001
407,-1779813812,-2107910375,-470860219,499097856,-2125343992,-424174915
407,164942929,283668206,1340191069,-997026653,-319282278,-1746588415
407,-614395780,535667334,1718097946,-879563536,-46985985,1432182320
407,-1683633822,-483926869,1607970043,-1454828547,735151598,-839250329
407,282236392,-1855799262,-2077424608,-1625399087,1711517170,2079236064
407,-143758103,544947485,-238049650,1815865492,1421055903,-1360034445
407,-1900592975,1465797946,-962552369,1596468413,1717779654,-1252112274
407,-1045983558,-2140420180,-848853553,369598418,1950613082,1316600854
407,-1107573887,1746560637,-776212396,37757915,-784223448,-1510034852
407,-1390210134,-1974679519,-1455562238,-1176072173,-2140206405,1769550955
407,1427182825,-651826811,1966100676,-945529706,-301650367,235916413
407,-1096500037,1621972416,-1601103085,-234801064,-1807251195,1304842379
407,-264686034,-1593873057,1807705775,-101857042,815377156,-663607236
407,972754224,-2014720610,1320512642,696343023,-1845194649,-1381565650
407,-665602064,1614613139,-782381623,1347983417,-959313355,926859123
407,-455820025,-1781578387,-1340551312,2138615369,802004674,-2140970190
407,-130211098,1464707824,148775290,930201654,-511204710,832935016
407,1295963997,724326455,1617714105,592375265,-365078199,-2071533346
407,1948337628,1956107068,456557499,940533747,1001549965,1799829527
407,-1759613600,-489814409,157929159,-813556561,-1818576263,-162296177
407,-198606289,-1264364341,1892676294,-1776140963,1628773481,910317516
407,-1083997323,1805370645,-818714627,1447555458,-1529249775,1716295101
407,486284077,1251044444,1130145088,-312331819,-443440075,1323976017
407,499177639,-1006710753,-1483350834,592513031,-1134333785,-1943868850
407,1823115981,460574040,-1129042,-299519783,-101823858,-1066752959
407,-363965725,-1893386087,1726087404,2037172729,-1315265211,865992744
407,798245752,-2030008252,-1795275982,-2116845688,800116105,949769572
407,1738696523,2096449108,1927041661,-462157203,-413177034,1896139304
407,618851117,-822150470,-751886689,-919178749,-1030900725,-2018630054
407,1833630841,1652129595,1700134318,780215104,1187528874,-987858989
407,-1389301803,-1544831796,2043227193,-1323394862,-904113653,-1678791132
407,-973764949,678279295,1432543099,-1591619742,2054046845,-943639345
407,-2140591126,-746492154,-1730269566,1699505492,-1705316697,-619892951
407,2111361365,-1583546906,155617404,-755297144,1446143901,-681763594
407,-995945152,1284804201,1372543748,2028870494,2129582786,1197561947
407,1551088298,-377509102,-1195244169,-2113105132,156624251,-864514630
407,-634132041,-456475451,-886129205,709129783,-1781634013,-1391910690
407,-487640151,1045696890,1753234150,-1561992076,-1474549459,1920037488
407,-1111218327,-1867790620,428429978,-1831309632,1182431797,600379780
407,-1492638916,-1409511018,-1235601923,1107995291,-98086019,-257848437
407,906893270,-932724775,2050823194,320501678,1273239145,-1446261023
407,398998009,-925039693,1878050300,121807969,-1616194851,331159236
407,148762984,256076932,8197279,-260762268,-216526102,1619108055
407,-453945764,-730023182,-1855309565,67033626,-37040464,1003503943
407,708282671,1055383267,1375827570,-1877695739,-761495729,1800891159
407,618291925,1582983272,-1910656391,1077999747,-1358356195,-1734685031
407,-465084012,-1039742346,-2077624005,1753200790,1919893075,1226267302
407,-178806723,-803267383,-1059962296,-440593410,982530593,-1951357667
407,872823658,-2013688127,-226203090,1998168037,-584455994,-608159985
407,-1843310364,-1200889453,-138072119,-408804315,1237619583,1756714065
407,-1780754037,83343964,-657348412,1859081228,1212562568,1746668333
407,-508817426,-507528874,495488103,-1275318380,73470060,-1367073147
407,-89398490,1673340262,-1697892095,985696808,3827195,1095722787
407,-1338749081,156972977,466513033,-254086370,1591756978,1069443519
407,-804931267,-1498751454,2074231556,69918317,1016220167,1616806570
407,-825400301,-1216111873,-615895912,746672874,-180296357,1932602591
407,865395059,1392724521,1625861139,2084587840,1971697992,-771161238
407,-821295357,-297109792,-1780095776,-176046211,-1835709118,-1674001051
407,-5661202,-1964370984,475166398,-1205906038,-1247090396,1923402125
407,1008307955,-1599850129,-647386421,-653959741,1394336500,899276534
407,-136053249,-851883065,1294844210,1547595285,785907560,252417953
407,416084035,-403897179,216281561,1873156486,-327019295,179936755
407,-16180763,-1940249661,-871648204,-865551305,1001579104,-1217052943
407,1975718143,941596819,880362021,1656503091,-1097784350,-1810350046
407,-1815107673,1222175334,221783114,1613413282,-1562290945,698098942
407,-930420462,1093491129,559673212,175228604,2130022060,-41102352
407,1498167339,149103061,-82990473,-2101468345,1741046623,-472000754
407,1528627605,573389911,1399358816,-1595091498,-1453885079,771648888
407,-1160917444,-1485403819,510132018,1889409961,1485137513,-1040589064
407,-991817606,24563903,-257626987,-283593434,-408695634,1466360312
407,-505112324,722157400,-715007140,-929006712,2146884100,-1169781891
407,663594886,-1325176441,234544768,-601999556,1962924505,-1123787333
407,-696901208,1621214695,777136759,1660383632,205717660,94731937
407,-1797374295,634375290,-1696006288,-802446427,-1760911969,-2085444195
407,-1612136739,-1304398870,-1529663529,413351117,1141134328,754284525
407,538105092,-1373344967,-134740279,1334237085,-1223272147,-1303632775
407,1758668076,-1915936914,1017449460,1093781100,-862068432,-737942934
407,-260677244,283823120,1560506549,2062001433,1338644021,-1412638908
407,1197670629,-624961279,1575563343,1300957981,-1347563648,1094392125
407,852334594,-1312116316,-295382455,-1911298348,814457918,670989767
407,478060111,-1384081122,-1363115489,1899108111,1615100169,1175464452
407,1293101085,664063016,-1674115621,191035446,770580315,-111137148
407,173211446,1110846488,408317176,226572345,-1859729478,1134963168
407,-1106806185,-1191367519,-1071339288,-412946265,-1964931215,-1024224881
407,-1993420206,-2007790055,1585091721,1288462529,835337822,2040359523
407,-1820501722,-854359067,2108267282,1880962552,-2028818703,241230011
407,-1555214870,-1299441171,-113554197,392835761,-1860938436,2114795470
407,804832227,-1021344752,-1405561505,646175329,1335895687,265273945
407,590506184,1773159259,1070546075,-217309532,998187455,-268542741
407,372506923,-1046754499,-1620977701,-1990886242,-911541758,1195239110
407,1298130721,1604403149,80082640,535356906,-1889508310,341563696
407,-1456493348,-880632686,949253742,-1250555437,-2063547663,760121407
407,-436667887,1715535327,1894813299,-598290282,1188821708,1797288048
407,792782399,-1561217902,-404896392,-813317610,-1983276307,-1022731566
407,-1379298422,1318007433,-25814592,1728966325,1676156499,1673398246
407,1063243945,-1087694134,208524130,-1772244618,-888518186,22119436
407,-101424511,1065633448,1094085159,-1702769913,-337244227,-1330574860
407,931969241,-2046747425,-1349969281,-2008071757,-924971164,1222821039
407,-534005880,1611302561,10982602,-1536576000,-1677031790,-743439927
407,-1647056497,-1965552088,211602377,-879047722,-435184330,-1491312533
407,-1008177969,-1158995474,1792797182,-1606408272,-967057639,511735989
407,1222931236,-421341312,-1034828419,-2107531224,-1695605498,-2051861241
407,1834187761,591056164,-1914441526,338358572,560203808,-344518531
407,-582059826,-2069289016,1424836788,720066660,-810048222,-1927757430
407,-1083640990,1656219713,-1766363747,798151589,257080778,243942766
407,-2085582222,-542870479,2088513091,1397069168,-1694076670,-681596369
407,512338305,1020809046,-423980150,969109180,-1075331355,814341349
407,-1982793231,1589297617,-784239506,-466790304,-1628499479,1507408416
407,-747260972,-1220111214,483307202,1812348985,1276494135,327370038
407,-1136329949,1225685515,228164700,1515088752,1534099217,-2005014931
407,-743742051,723945230,1560177600,2132186706,1377868914,994818328
407,604954726,1300696464,-776367652,-1029233044,-1997172279,883602371
407,-339744611,1989469384,549526432,-2075933299,285024109,-1191151191
407,1334561447,-1161002444,419952600,-2077322687,-182351818,1297912472
407,1707964506,1156078081,-1521568683,1276120432,531486876,923095484
407,-726769070,990395874,1853052349,-653307601,-340092690,1216293740
407,1379543718,-1235944860,1193847989,1226238425,231669477,902877850
407,1459386975,-1645098647,-1200995401,-1665945933,2000733720,1748011823
407,-1291321827,2097120512,-1641046805,468301212,-1314293722,-480128970
407,-817031907,1455312599,-2114243282,1370895246,-2094000058,-1145255364
407,588866110,1723099242,2022274444,1653088054,636568809,-1864925611
407,48992578,-1653302205,-1141779499,-522880539,-1007225621,1330047155
407,624173214,2090136518,85084696,-171611130,1567825581,-248010896
407,-671344905,1627876100,184967374,-2097908666,867980677,494973687
407,1545143751,-330234478,-1354962888,-557844400,-331262520,1558845819
407,-346054537,-506468522,-485676807,-246597300,136575730,1526279697
407,-587895836,658972528,-1039366961,-1702014809,1816233571,1293038251
407,-130721431,-1363166786,1327388854,492249789,330107589,186341016
407,391317210,1334747246,-45631328,669624756,1019210773,-1953981298
407,-111011927,2130637704,1180565036,1420136462,882553326,568658749
407,759072389,1550672282,388663164,1054097729,1414326448,449276496
407,-332286080,218221596,291312114,-1549556121,52576842,-1642344447
407,-1751647691,1012827819,-1549599592,-364738311,-1921415416,-1899245706
407,1699373007,1603024824,773658929,-961777302,-519453888,759705537
407,297182361,505788292,1160756268,-2032192375,539996056,448343545
407,1226371409,-104244977,-237151899,-525967256,1010682048,-386089584
407,-576599677,-1684098030,-2048603191,1108518531,673530253,1344431463
407,1916404705,1838652317,-1197552683,-2136167429,2121636051,-1372660495
407,-197620908,-1916589642,-905739802,1898450498,801914236,850529171
407,-800556503,1427797708,1883703203,1477745156,299145891,1656064256
407,-132067618,-1517255095,-1622785686,1139402227,-1692393756,-525278215
407,281990945,1932220310,769594561,1605133776,2091634537,619649581
407,-1961596139,680655696,-1057439230,-886333727,495136819,-1129940148
407,644830715,1519151324,1166813499,-99995072,-912097180,-403015912
407,1641144576,-1216488598,-1919449770,-1550901950,-1055139478,-1679113858
407,824255366,1937864877,-679095881,-1815922295,786547629,249501581
407,-1311909493,-394846274,67441138,1401760364,2065823769,1669922286
407,916938953,1055486153,-1816492713,807585708,-826742767,2047693962
407,1948319885,-765656354,925258511,2003459802,-1270958909,-941288960
407,-2066806327,1611816553,-66219267,205819046,1927429432,2110277083
407,621519199,-586675091,-526284185,1388829869,19631063,-976575846
407,-84936178,-1221642199,-695757203,1795672026,449145483,1217798040
407,-2011913582,917077500,1890409954,2139091803,-210857155,1468527568
407,-1202321929,714303076,-1822266239,-30242304,-1658100222,1546506600
407,296767267,914820425,-915390184,-778078622,929775485,-1108038489
407,809873010,-1424365865,1121021114,-1229044311,-1696019796,994595003
407,-1078993672,891962293,-1234298515,1227202661,1928172753,1005274879
407,-377912309,-652805074,-1947541442,-1697022405,-1575208130,1495867788
407,1462500692,-846456673,-1843903758,-1588593803,-1045544437,-1587975743
407,115031376,-531152199,1389320023,-835284184,-445804177,1078618167
407,1676220471,-27715037,318082707,1454496131,-949989708,-93970613
407,1253489930,-1077116889,489345450,1447382326,1467182720,1882576522
407,-1273635684,-1815731275,956294768,-498105591,-1436403409,-641678073
407,462044821,2138315004,-896684442,1664785138,1795754321,1805909092
407,512113975,1742046125,-1258446382,-1967255946,688659244,-209119710
407,-922942176,-2042702678,-1942365643,1153491236,-1165176848,-1549386422
407,-2056749997,1901811957,87761761,1734285177,1822340609,1082352077
407,-2146878840,-212995105,1605868178,-1342171023,-97761036,-264203801
407,-1812893045,1401048122,-448218701,-289577641,-362072772,-83251317
407,1447017023,-1729104914,1833834117,-443631421,1533307153,1633732514
407,1004482234,-705413279,-112206709,-648853479,-603341751,-1856038000
407,806728428,-1710337427,-1415311103,-679975568,1637010358,564214763
407,1657827004,-299061545,-674007834,270880009,-1848274142,-1515449215
407,-530544081,1938179911,1329955311,1347287912,-1889690085,881661367
407,1523686577,-876164260,1421404091,1751035933,-1505741969,-1151548891
407,665913864,722536704,818567048,-2077183578,1232229928,267941701
407,992350672,1683027771,-1620172832,1364121925,-579422284,405461084
407,965419218,1476173180,-621382733,-1515679325,-2019322890,1075030389
407,2136203814,464069567,-550046268,1122122358,-133818176,959435499
407,-1887988291,-185455256,1415082866,249894191,1242985782,-467172274
407,1265923477,1541375099,44902488,-203883278,-1819987715,1332366306
407,191977163,-569566402,333892483,-1283836272,758253217,628611540
407,-2108412927,-370027161,851758342,1699562997,1621457358,1953428934
407,-215385491,-376229069,-206672008,835928091,1276202532,1550698134
407,-1272311697,-206785306,1567613005,-1957369099,-1915917149,-1508166558
407,2124073063,-1003799590,-1986421870,-1148913610,-1416868620,-1660402218
407,-1421278202,1049374137,927844736,819392082,-1583466100,1705195548
407,995051770,396968631,2055786483,-1769981898,698447816,1810030737
407,59212746,2068159683,-949021183,2037044562,-1181093960,-436896935
407,-144398980,1301884422,-242229710,-1134599199,-1173795886,37419967
407,-1996160659,-1038696661,1802248175,1157515297,-988993416,-71715480
407,1501699205,1788683114,823295065,393938036,1206224555,353014409
407,1612579507,-972351612,-659735064,676207834,1994055412,-878711721
407,-85639201,-1901238644,494788958,606749135,518821283,630706933
407,1892574549,1658069948,-223414959,245147765,1428594498,-2126916278
407,-2017909517,-1543949383,1370135790,22014691,-489755981,273760117
407,-832715489,1320757961,-1776053840,410056198,-171608565,-1779154467
407,-2124380766,-47065469,1001066465,1817762768,689069613,-569116979
407,-1656626975,-1563703445,-980228215,1722111830,-1316009287,-365800565
407,480547097,-1668330597,-853652392,465112960,-704952983,-683096692
407,-641313209,122558951,-968806240,-179924780,447470914,35819126
407,-1227286894,1447169290,-1650524758,1878513953,-764381161,-1374591251
407,1804182257,409337667,639987046,-321464646,766910487,-126326350
407,969604744,-780979718,-156285826,541156725,2078260170,-620561231
407,1538669916,-1494755561,-792190037,761209115,976238391,1634442005
407,-1375222709,-1667847739,1768530073,1107771570,762901428,1593512921
407,-1197209866,1189688220,764451773,-2035916747,-1315010191,1144173212
407,-1995872556,1518127433,1195184479,120182415,-1283864526,1524524095
407,-648947992,-1600940491,1157397448,-717092287,1083069657,843603358
407,1076081424,770648703,955524023,-1161193937,-981802702,-1709321763
407,1250368099,-1125157936,-521808771,719692836,1982847063,-52690339
407,-951035897,-856892438,-476527734,1766402126,344344966,2014051932
407,-307070453,-1736930179,-134082729,-1098243990,-322105980,1644402546
407,939570625,-1688601531,-449521595,967284255,2124174460,-1383504153
407,1845916540,1551407007,1649176700,-1870712365,757790204,-968863879
407,-509188937,1599820498,-1209074690,1886986936,-507799900,-1773834854
407,-320671043,1811207323,-1221655091,-1585372082,164326965,1315356725
407,-985596330,409185342,1599470970,-1904280430,-178087540,387857427
407,1349462830,459358644,-1290175196,1807253343,710698496,1467623787
407,-710059594,1986267898,-1250473553,627196733,1552399111,1862680792
407,-1200191147,695277014,399025308,-16434326,-720855718,-465115491
407,-1118329006,1323130655,-416708872,28775308,142811216,214022457
407,-1881391862,1556567981,1296076341,-742329443,-1624272391,-2057886855
407,-1512072190,1770065257,394953235,-1172276376,-2009509825,113310090
407,-1555837090,-11149745,-123239660,1937606311,786605125,1502390878
407,1837240738,1504226317,27172567,1383507310,-16196319,-2103060839
407,338169913,1575716323,-996786281,-730451263,1100156961,-1123942966
407,-1965015543,468742186,-1077869563,-1475017491,-1349907595,-1575797191
407,-843591145,-117583791,322191933,-1299266513,-1958290699,2086452945
407,366054890,915475607,-1601584923,-760017293,415797821,1762613071
407,588123890,-336124581,1122796045,-1803213282,-1522098921,-124138254
407,982085495,-1392868632,735511709,-718003709,-230216922,203878649
407,-1163504717,500883748,1965951130,-1894184177,2117120198,1441718546
407,1443993995,1008698435,-231736624,1638390257,1232924395,709068090
407,-531506277,-1589668813,937659242,-1179799677,787230218,-1120151186
407,-525707381,-985019071,-1842950994,-189698651,-666930516,114032518
407,1346080705,1957350648,-1183850057,419954596,406259988,850648416
407,-640228904,1752689243,-1301923443,-1036603945,1785499139,-1386310512
407,988671172,-1482430568,-1799839965,-637335332,804707363,-1029628378
407,-1556636403,-220992645,744008989,-1135485893,44428597,72883162
407,-819943001,972885732,1411229229,-441605639,535973028,977696288
407,1508909439,-405718138,-1310823314,1189564179,1520920230,-1664215238
407,-1453081175,604008821,-2086070946,1992362223,2115060924,856466934
407,645088783,2045377322,344243751,-824801863,1227984766,501857849
407,-2049078478,1864329003,-1064724190,-1097514556,1177355065,1088117555
407,-204069679,180017399,1136778723,457645650,-2083374599,-1951503574
407,-1191497658,-1002520477,-817403236,1199500740,341005539,-476411883
407,-549895118,991015871,-2104389438,-1554728849,307754154,2045576163
407,-1217047831,1337974761,-1007508977,-782131178,-1852093831,-1558520230
407,-1903904439,-1898783336,-1285445189,-926891179,-942654799,1488824534
407,1096242262,1946465604,1971289743,-1556306354,-1669428347,-1826503495
407,-1680723012,-1322391905,-581864528,868295776,1201129961,-2008462662
407,-1793986984,-619723861,-967966241,495837704,-1341278068,1032510561
407,-1816509364,1312329252,140560011,-1731630269,190117247,306669687
407,-1730087762,-1582645168,921075630,-325371617,-2106733116,1965332375
407,131826763,781264201,903045401,683505760,-1479912724,-726267542
407,1154048854,1540181682,-1008718038,-431039422,1829663812,1834999834
407,-1740339791,491083245,646977014,-201703691,1237118633,-1173017753
407,1054459263,-2090487614,-1338163513,-1207573724,-1983059406,-1647769297
407,1353890750,-716081098,-2080650541,-687611059,-95932024,-1069211124
407,1237779812,426949153,1042627157,551600473,-1153657519,347404700
407,-1820673652,-1081082894,-1414006163,201313761,-647100293,-2060769509
407,1674560433,-862386092,2108506375,-1672796160,-1480493394,-1561669379
407,-658378509,415182779,-1773841101,-1956960204,-2095336172,-937013906
407,1168977299,952384753,207689920,1584081009,-157251935,-1993725941
407,-1063503306,-213850519,1494644251,1128631192,-1658249790,-1879532171
407,-1456836860,-1745680404,1512479137,-1181292374,378815724,-673300596
407,-1011118783,337021554,-1727883547,-1697649478,848295200,-1801479575
407,1350493980,782333296,-854659016,-1194518711,-378916986,-1704944687
407,943621657,402896434,878378495,515566193,-1097955478,-1453729591
407,-1678838216,-342603259,1894918939,-756083386,968998467,-341907765
407,-1973225510,1341516638,-182008208,-1127768215,-644636655,-376323150
407,912452355,-84341385,-861169812,376074776,21692646,-189869029
407,75182298,-367498669,677221040,-555485665,-1782036837,476511536
407,312115174,-1910331594,960025844,-1024053918,-559540678,-338758301
407,545162193,-1418625265,618134997,-1600290261,905466868,-162320990
407,2143952459,495055187,-887067712,-88824266,1329705589,-1517662803
407,-531136594,-2094626637,1186634264,1621794912,1263133158,1478526625
407,1721543399,-1132480089,287081796,-349355324,-318000200,-1204972284
407,2033159185,-753992885,-1372475027,683118770,-1192231110,-460682807
407,1291458643,1713223101,841003409,1334688959,-190854743,-1046445690
407,23842378,1146047447,-1275165579,-1786621022,-1508815280,-2053862087
407,-1368596795,639880192,-252236494,-491917570,-476328468,-2033159527
407,-106993361,-1575288155,-570581918,740847128,-1847072655,-1675240164
407,633604454,1237126965,-1540348854,1300661641,-68650344,-1638135765
407,-672264180,365311192,638630974,173119916,1980613685,750199264
407,1712184910,-1851095936,-785170386,-1395288770,-1113566565,1934273101
407,-85924137,-1564617333,593092056,-1020021367,-1573907754,1691346103
407,-1165089000,-673418942,-850870115,1300980534,-1595484691,-429948941
407,1630570153,230362616,-539525138,-1524736261,-360698726,-1729867216
407,1716648748,-735462823,300618416,-51909431,-108068709,-1034303492
407,2066896381,1749334977,-1819078303,-878166418,1154435641,696674091
407,2130559937,-1684583259,-1738578938,400002326,-122200838,-1135092396
407,1583012810,1399153380,286632874,-112731084,1047364131,1486592658
407,-888177029,-1487547114,1618041645,-2038707499,-524384907,29715403
407,-813705002,-1443149851,-372778782,1229163082,2007514092,-1445586886
407,1422090859,-1563939937,261749064,-228136178,-672907838,-1738040507
407,-981717338,433888078,1560901910,1699142125,-469447571,-1094826861
407,-181772926,-1240317340,-298051806,-1980416407,-520231261,459186745
407,1266271819,1923212685,328806189,-1784938907,-1672330969,327662280
407,654865144,-803277195,-648493473,642730531,1030296708,287634570
407,-892689424,-394203274,-1330642243,-1960235014,-529907016,957702074
407,-1165410654,1934365486,-356423383,1989863023,927460308,-1023880143
407,-178729000,-1255743197,1194784737,1129091884,1678452384,827480663
407,-1945317541,-693280054,-93255609,1244811802,1297909260,1567838472
407,562788282,841739949,-1090092754,1403917369,-1291463198,-434917384
407,1174930061,1046339383,-2099568461,1660034384,-407234880,-1629792316
407,1058246275,-1654585672,1101325899,-1147734331,-1537943153,-110447958
407,1599014170,-778004449,1078807366,-432509563,852424510,1717449872
407,-626441973,1767487116,123983932,-955744070,1711422675,434107564
407,-443016572,698284613,1469865394,830023288,1689309894,-1407875095
407,1657005628,784934418,-183528660,-997101928,-1524598611,-157762894
407,920875671,1582957605,1504762910,468243444,-1472628945,-39147380
407,-590699392,2015796029,-2130849162,-1970547719,-1985018719,1462759029
407,800486504,1551021472,-821074278,1164802130,1864281198,1734853697
407,1255503472,-961275041,230435052,2033460832,1014819160,-1521618544
407,-922161908,477654418,-1018981413,-754342412,1796087059,-1317162676
407,-1389350535,1340481445,1630302011,-2126397262,-729925956,-892470404
407,-1936632201,729004863,-338191954,398236852,1224508858,935669108
407,-964615169,873097619,1195468948,1050340387,46111958,-280541484
407,1879419573,-19094469,-1180807732,-1083091176,1606487628,1669573508
407,146673149,1644094597,-1806078267,-119147599,108066933,2055589099
407,1937405403,1798067319,175964552,-2013231549,913247447,1317049552
407,1462427520,1436931365,-1644244637,-995128919,1548781376,-1323827736
407,-1330813447,163360560,-782017336,-4121295,-1960435890,-1885259993
407,-1091073457,-21682814,326198709,-1074107332,1157737093,-845774151
407,-1760469476,-609397950,-1254022339,-1561988266,-863963441,-930916851
407,2059536160,-1104090876,1733451541,2114333190,1716039183,-1525167922
407,1797853948,2030233689,1018315655,-1875408780,1028549136,1887780565
407,1358267993,846265309,462717366,1817272954,-1370455691,-1530381034
407,-1884097861,-1135351587,-962228240,1836862283,1818701427,558996173
407,-5113886,850019945,501002956,1317625987,574029821,-1864333019
407,922642840,-1759743089,-2100009183,570570450,263192935,901818934
407,233047569,1715740814,1464699823,-648634471,260156614,1551914917
407,1593499385,-1035134294,-1841318195,1790081,733381406,-736415099
407,-1418819190,-35880929,1709949679,-647022080,-301384766,-84233713
407,716032345,-1128394121,-493871611,-641962262,-804023598,-1493389638
407,-274537480,1125814207,1554493082,-1715556229,-575251127,-1211703879
407,-1966103018,1831046933,1655342004,-263700681,2032985617,983084211
407,1222257188,-497579330,1360271912,-508548091,-2084226339,1491002261
407,1784827562,-1846500677,1029873611,-2002656501,-674636190,-2112049071
407,1990160222,1728844847,-1426309228,543581949,1153673690,98641376
407,1568704912,822240513,-464096946,-1741236336,712617282,1792536786
407,-1921079198,-1764758594,-286841084,1722493095,1909717947,-992129187
407,414716355,-1872064476,-537775132,1524518346,716809441,1309696015
407,-933180295,-714068057,-1606716291,2033489164,-92860791,-761127931
407,1267793551,-2104590340,1801535252,-1015767087,1196206953,-93315488
407,-1621630871,-1044881634,1652466814,-1404533929,-862790779,726186746
407,1209799336,419696610,935813194,-806948059,890377765,482839422
407,1082954565,724631387,-1449298798,-1938452182,210580848,524062141
407,356831255,1810982427,-497747639,-1527642676,-647313044,-1694298130
407,-362049303,-162797588,772975724,854452043,761873381,-610592446
407,1390639265,-1446369184,-861554125,88703432,767627975,-50521195
407,1467670205,-1500716518,1718026820,1761515219,864248550,1647402671
407,-1635669236,-1268137398,-1378234144,-737312897,-1009890796,643758826
407,57867788,-447482058,-1765089602,1269638166,1441234265,-1237480715
407,-636578767,1048801680,-971103198,-750075173,1551625066,-2031505969
407,-587971663,25340591,436693310,375526725,-1143133736,938561264
407,-618125643,-210646624,1360906868,528622909,-1654145665,-982243971
407,-2032344322,1959949758,1332575897,-1944163884,-506717391,-307931425
407,1807659345,1298825733,-1834495943,-1000807494,137086649,186809118
407,238946373,1956037773,1277764504,690836888,1312784293,-1688332688
407,-222272750,-2064864159,-614003494,296552828,-1460012133,-30206463
407,1473550609,888400033,-1599860834,1569250874,-1357756751,1056327845
407,1360389586,515775605,-1294779413,-2059425650,910903289,-65566803
407,-1943496572,1390627742,-1211423272,1834827341,-502876688,930193652
407,-1527501266,1089298808,367534931,-580377743,739260775,753366305
407,-1968263286,1050203983,593714084,-1086239927,1333743821,-32215942
407,474679766,-2065787904,21615355,1237554763,-1138733905,929190601
407,-658351320,27447393,-2067199568,-73134792,958928453,-497864459
407,-2076369520,-1481185727,687574642,-644259949,-939877925,1320486360
407,-1122469549,-693986122,-994740358,-1615454435,-664007479,-1023384352
407,164910488,-1824741466,2044956897,-1003497342,1726375533,1100755141
407,43592100,-1878799451,-1122793929,893132093,1811564065,-1668960298
407,685410530,1817102545,1573624622,1051871689,922115760,1426021256
407,-622731116,319007509,328798938,-876478853,-1459037566,320774803
407,1025747755,-257513156,1432366859,-489803676,873081957,385674754
407,-644570417,-1450908269,-89605599,1154969578,1239863086,491647776
407,1629634720,-270464201,-1390042812,1555026162,288967539,-40077145
407,1205160517,288681503,-732210029,-1717789070,-2004414977,1498917537
407,-671945553,1555190811,967835043,509027669,1474971921,-871325976
407,1456656742,-1789676928,1238899893,-1851776278,1481317196,1753458522
407,-472387900,1996450718,332286204,760082322,-662178594,-316196808
407,-1127253898,-2009808071,307850788,152575927,-2044578105,-729479471
407,-1819708078,-1944467878,-1774399386,1663419663,-1945566954,-1898661655
407,-1273726267,862487699,1194148672,-977094028,-1135170660,-87052089
407,-199728588,1186579955,-752358289,-1309603128,-2025388880,-823464951
407,-815954920,-481695698,1299317331,1285742232,469420515,-1723020287
407,-368124248,1197080756,879754869,-1339209976,1282915072,1728660733
407,-46702877,-366583913,-932275598,-1660712074,-1455903800,380740922
407,-1202612740,236321290,1660128461,-2007924360,1871915317,472223904
407,-1731078494,-771483305,-443689361,824167588,-1460675486,2080319482
407,-1900373402,-1506194599,-995073188,-2097158313,1450163978,-798243549
407,1995848311,1808633883,854609096,-617441803,-2033695218,1282228573
407,-500282504,-1072800156,1413102673,-885081069,1372000634,1257127571
407,-488117323,900942816,958488400,-2011988523,1450490946,-10746831
407,701453435,-625128877,1873063553,1177469909,-1481968784,1180300633
407,25844096,9980324,1579653274,-1675500949,794545382,-746527151
407,-2059527146,1166029022,-152076320,-516021730,2044252427,-1623538370
407,1354742881,-1605483562,1615569265,639065063,-616374417,2049562557
407,307326009,1432450553,1281973978,-1192873017,1361190642,-2097609827
407,1365907070,1364350869,1419598960,893153483,1629360400,729335544
407,1711373746,437326481,-2035633411,-626489193,-1151501318,-1331486541
407,-161685126,1329320763,-2143919187,-1511654501,-944668169,1569509455
407,-516713415,2051922822,-2130370339,-1540627687,1711411590,531039801
407,-1349199369,2079494027,522969392,110567280,351910667,-556126324
407,-1878002046,1209867064,-92600914,-1081145784,-1365193409,2046621209
407,1337476087,1922282690,-1229794213,1518759269,454105248,531294210
407,-1582189922,-585833378,-64144869,1912901479,1766491900,1294414624
407,-1401512008,1484439927,-1612799725,-1147076033,-1174576755,131535696
407,1707716061,1765349435,399837618,921904183,-54323928,1003821237
407,-2108864130,-1410142556,-1842133436,-596076123,139337832,-1847210681
407,796938225,-2042470408,-964103666,1376851800,1236646234,2141652748
407,1738905389,-1583399922,-22139349,1458109176,368023133,-105646416
407,407493213,320637858,1238928604,1429132806,1919043556,996742468
407,755630319,-1269440063,671102462,2005053520,280499776,-1885884448
407,-1498797382,210217018,2125131436,-1064395269,-1872796554,1327994294
407,-872913577,872256208,1416249148,595118131,509189513,-432537567
407,-1137703939,1646968803,-344023744,1630995951,-649484647,-1481474871
407,1609602314,1057723141,389780772,-1139817352,-1749283688,-1671797946
407,1782659951,-1820535108,-1492051874,980305339,-622839287,1263719458
407,212272702,572467201,1757820002,-1276102537,927861881,1808749547
407,1309282455,-397564543,1341862798,1466960030,-1422285605,-620294468
407,-747399493,-711107256,-494569900,-421120621,-935834442,-783077279
407,1209010469,112770973,-260206374,-1534084850,1341726467,770337829
407,-174014066,957441428,-2009988366,-1884975610,13684604,1540715216
407,-279433737,-91735510,-2047632209,-219928090,-112102314,1452390422
407,1014065577,826648117,1039518932,-1569800446,630190869,814112914
407,-374822534,-1250713686,-1483101277,447173119,-1715758244,1669172358
407,122543838,947897031,328835736,1369611814,-2126274849,-1585242015
407,293181195,-1873674827,-653856516,1134652860,870022468,1670926393
407,-985682030,1135657240,-1921270367,-874724367,2026133231,658707302
407,328395940,1864042965,709773383,77244992,-1892000852,720345634
407,1371133090,-449190050,-1921602411,589443949,1116683995,35650087
407,-70694971,-843318121,-995634264,785499361,-318312930,1512238894
407,1374862279,-2090239121,152785487,817363542,513229382,1408696103
407,38990068,-1434696995,-224883648,540857526,1980957804,1232011611
407,-603793528,-1777083552,-998726654,339417950,-251844379,177464196
407,-1741358282,562738392,306453477,1361274494,1093384713,-1972177491
407,667235349,-1020693190,45831960,-1260274709,-382642861,1261705436
407,2137799609,-1403876999,366416069,1508360133,729462882,681187795
407,1617583035,1165390393,114414656,-191781799,-1951920433,2146438446
407,1825825304,-162952747,1179960800,-2063072001,-1482588152,1235778633
407,-326594769,-930501374,-2013378914,-1464343640,713688305,-604939844
407,70730824,-423025884,-1977972597,-2100501192,-763401359,863036145
407,2134004603,2067241053,-1315301442,1101246776,-158960397,503136325
407,1291062689,275151259,-2067027892,-1002138582,-1542607123,559630683
407,-1507507973,-1155412020,1818419650,242526707,-1356354536,-833434369
407,-1426867955,-380159047,1521693635,1059414252,-4465641,1794457362
407,-1198744300,1131986289,-2039356911,320880858,-2104376975,731563550
407,-289215445,776962094,434211297,-2055032780,-562975647,-617890598
407,1580852487,-984661714,-1425653187,-286114728,-1606386456,957784392
407,1970629652,767954164,-1809869606,-871019932,-501122211,-211234334
407,-1374730897,544418204,1361880719,-1154778485,-12964060,117485104
407,-1772991506,20123840,-1341466001,1486462776,454169286,-456284721
407,1709120932,-1390095263,471864430,-1623343224,-744840246,-898947412
407,-195935523,1701874344,1235136783,1499717903,263442344,588765131
407,1575060033,701373205,1194652661,-1143538403,314643304,918220366
407,-415465283,-592605761,1693949590,1836277258,-1407079152,-1080229671
407,-1456335079,-1933635524,-2023826769,-273137701,1331184670,1668868134
407,1843818417,1704915389,443858705,-48948625,-1005360507,522771804
407,701036790,1682585832,-1748113815,-483274818,-2100936745,416311944
407,-288656027,1190239343,1955344461,-651238335,1991816448,-1004215624
407,2033554777,1951179315,1746389873,-1312510912,-1900808847,-439153643
407,-476613405,1757143402,-997212705,1261581874,1540723607,-349622591
407,-209030020,953194917,-907350299,1131444264,295942919,-664955420
407,-1500712536,-816121441,-2062823242,303344704,-1678506180,-625256883
407,-211920865,1279347383,-1923933582,-88521089,193981664,-1051659212
407,-889811051,1548648567,1471678403,-377661158,-1199487669,1621843281
407,386751955,-423184202,1030398205,1523012154,240983638,-1616332036
407,-1902657997,-1932631546,-565904770,-2141853725,2062388485,362194366
407,1058958513,-1038031721,-1631130730,184516397,135305622,69065570
407,-1982395307,-386241238,-1589102118,1948005993,-1829284460,1116928170
407,464940191,1141505239,1462067816,-1525063975,-1157009030,-1640477315
407,-1903292580,652119392,-2000366898,1450694234,999969435,222516504
407,262694426,-1087829251,-1120391646,437627906,2105937698,206859597
407,1239261194,-1861322748,-300571531,698289392,546502593,-1317546246
407,-775390385,1829005833,-206964307,-290280550,-130646083,1795868718
407,-70986900,-975494834,-1912931385,-1592387701,-1385530580,163991347
407,-336194249,53560408,-1781600564,-620056126,1932195137,-1688780184
407,-1799656041,2111947406,502913743,-681499127,788337369,-338450994
407,1904838632,1450689952,1620603186,1390346861,681060031,793093050
407,-2124506726,125414717,-1708784324,-89906165,1751026880,1465897437
407,317830569,1256841144,1455625643,1188348788,-1042924513,-408206330
407,-1729853252,492656108,-1584191522,-1410056432,-1385093008,-1389328131
407,-233788296,-600612960,345499744,-288155169,1933801674,1936671215
407,-812438376,217629109,-2011844306,1467178124,1998263919,1196880788
407,-561829528,733483984,-777068086,-1142460149,1688742820,-1797962648
407,-2029580984,-164062319,1163686976,-681476013,-1328605768,898267014
407,557447845,1522449663,1321971901,-430223744,-1529140161,-1982949885
407,1179027074,-1724367717,-886639027,-1893936386,1544949826,-160221416
407,612667410,1212168880,675594290,465431823,-730142073,475541554
407,-466344698,-1644824604,1860879508,1460780430,-1150345123,-1984880636
407,-403891989,1399928470,1160515815,1062822788,-1178593389,1413048279
407,1233392064,-334704035,-1090012847,926495698,-425345057,-1732282135
407,-466860147,-309249859,-314487516,298906038,-64947130,-1447115256
407,-720147577,1292751297,1838470560,-840311642,-691845369,1716320187
407,-340621996,1121740527,661910035,992072470,2016164570,2028458825
407,297275023,-1910764318,-1694495975,-595940853,-828518681,-1574951053
407,-879045728,-482155518,-1658406940,627605252,151307955,407031599
407,-163689721,831469627,-1272448703,1866774708,-1214332609,-403424881
407,-2022363584,5213387,-1918611471,-1791825876,-790961514,-1482780700
407,-678130849,-589278587,772831541,-1374306069,-1202795347,-937622235
407,1487414035,-568605901,-1363629173,-432516067,-556828169,117322481
407,-349513357,-968410455,1138272528,706274751,769527263,-1615670594
407,615725059,-1732511170,-242816539,-846934496,587498517,-1188270888
407,-393830723,-944485474,1446772781,811104750,1887640787,-1120704311
407,-177426947,1881920315,1938396123,-275339984,509414497,-332834756
407,1495617860,137974631,-979596721,-1505839839,856827000,33688861
407,203292418,985034443,-1169204215,2064837032,-1574780383,-1014222556
407,1808700932,-1474434823,-842295733,685600089,1912902920,-501095209
407,-1944742525,-1108774699,920879355,-2120462959,-497407049,1987862751
407,-1203724484,-1027822971,-1512925796,1909427976,-1689996826,-1333175705
407,-200401222,-1867536805,-21381744,-874252761,-1195622532,784425181
407,1309348470,863643788,1253174531,-1161371518,-699541792,3620222
407,-638442977,757634420,214849374,374935868,1598037111,-683125519
407,1006789746,-1881509187,-1792346962,1502107122,1898888050,1818111840
407,-1656729493,1404101405,-1661467699,1833216352,5564390,924039751
407,204798025,1159572269,435655642,-977627020,1089320827,-869797719
407,-1932148845,-1367372151,988069204,109511020,-1466341269,-1501937358
407,-75336214,-2140957757,-872836145,799797810,-2131037463,-566622433
407,-230783890,1152236745,589482393,339284951,2097543822,-26628368
407,1853061301,1630947941,-56293188,-846269227,-1091126629,-1197268992
407,462950996,-1814877894,-2101527798,2109275527,-557628526,1211266222
407,512393422,-1938674655,-1455980064,152744367,1089897250,-838211389
407,-812879846,-130500529,-1291574729,-440899003,-1771606106,360212762
407,1667044610,-266394052,1351983163,-1588928853,-312994357,115147028
407,1961993283,-750595667,-2076572792,-134321877,-1770713039,718764100
407,1955184617,317036783,286416376,312306320,-759065075,1116057498
407,-442316084,-1836187080,-916289262,273270830,-1220810764,-106946416
407,871746285,635285185,-837040687,-2040312206,-1778794022,149936320
407,-977121661,1388250414,111671076,911667219,-957171129,1753191801
407,-73412556,1504683085,-1872484329,519199981,-156785357,-1952136173
407,879591944,566126003,-1407143177,1568249608,631824355,1203845210
407,381801083,1876760065,-1585782357,-1202163956,1239095949,755933001
407,-1291215988,2045751584,612536023,-497702903,949676715,1313873255
407,2094089327,-1063044362,881448391,1426933317,-48171479,-567404641
407,312014044,1785384100,-148781592,302444485,-1723506601,-1112333545
407,-49645530,-1235209829,561075347,-769960321,2095509342,1822668853
407,1931047861,-1047662728,1540712422,361946109,1700767985,-1508567049
407,285055534,1746299180,1279690304,1399120443,1040266852,-659657562
407,-822166110,1838058449,1469860605,1451508828,-1006449828,-641143058
407,-218082090,-139811571,182520914,-1624244512,-1446665697,-1242815420
407,-1081314413,516809639,746800833,751578057,-412737559,583596340
407,1668682042,-1078549891,914353329,552356435,81884981,100812699
407,527397133,997656418,-1873458481,269702357,-286606749,-1695570990
407,-145742063,297613930,-300422531,-37753164,347268226,-1588899750
407,-97987139,-632202984,-2109440775,582428993,-1492437734,-350271480
407,-1368541392,-785396139,713746554,2060858331,-327637237,1529010833
407,-2077741402,-1126962209,768970488,1936863951,1022693339,1258552983
407,-78506701,66304739,-906040561,1779011222,1063104116,1548541017
407,-1133319528,1672051271,1794795689,-631773459,-847033772,-1849396271
407,1527228566,1291100644,33219976,1576383571,-321752375,660337136
407,1879117246,65410838,211724708,41295118,1982592695,-948069435
407,521668227,-2125931791,1714894135,972518204,-31130054,548908837
407,-762995081,-71349889,1633394347,340494672,1162789497,75159276
407,956611294,-270558343,-853963651,1764938887,269108153,797059381
407,-862652904,1731563396,842351000,1208188437,-997564353,-759692510
407,-1164862284,935352394,-942604241,-738325408,808237956,-311568804
407,503009755,-258006214,2127082965,-1925466559,1672558297,1601471208
407,-195088949,-432064818,-1120361571,292451600,1094320171,882655636
407,-1723152388,958658406,-1804183242,2125883343,-1002207985,-1615229467
407,-2028830298,327851207,98586083,2095415335,-1129171076,459489674
407,-778052750,1806095231,-557536181,-461812086,2050595057,853090897
407,22690514,1988185907,2141544106,693553435,-380760452,-1313762438
407,-1821289730,1087364951,1490924448,1079281361,641214143,-200153711
407,-1964421122,1774647416,-159258547,-914969711,953828656,551004343
407,1514602893,382919604,673344581,-838329376,-1110178928,-1297432424
407,249523795,2067456403,663811605,1964900063,680655578,-136467042
407,1360444122,415774465,-1983986649,-2059428501,307214947,-940196029
407,-1580820727,-1987198916,-1395606709,-837093776,-1893933786,-809270772
407,-1259512606,374537697,1859472965,1672812345,-880599692,1526205211
407,1901168176,-571710448,408791046,-1592969608,-17678363,1929015588
407,-1301485075,1755415054,-1565246007,-1900559037,-968447089,1393287541
407,669719286,1907506445,1608973053,-847202985,-1827182619,-1867308332
407,-1298610638,1284321647,-234757568,-1540543369,1881660656,1304768656
407,691195671,736414946,293063862,804887432,1407300354,1800138191
407,-606847674,1433498394,-1072162929,51158752,117329098,-865275164
407,-542015663,-208098356,656960346,2036717455,1751440383,-758504171
407,716898851,824340931,1317200665,-2016353711,-1465484062,-2141808801
407,-1031579403,-255172062,-531215908,116430456,704235643,-309777739
407,-955368321,2081667638,-1081007471,144034767,1943401866,1805560228
407,1934862358,184832264,395349802,-1780360958,-586249032,-1579199061
407,-1000632333,-830219133,370370558,-547901775,795530051,-1364518263
407,1846631762,-884643519,1426512408,1200435472,186056689,-2095776031
407,-1179595509,-1598160332,-2020866791,1595112896,1189308117,1073661400
407,-1497184151,-462584733,-1091516458,-630301505,-2070656037,-287635751
407,-999387152,-1557193328,-1414794791,1278311252,1901518645,-371595398
407,1534453889,-128591028,202633837,-2147393689,1663870002,-1138513634
407,-134179078,-1687205811,-1141913584,-1664257700,-1219034816,528292665
407,-1851200136,-1306692354,1526678577,-497719847,-1849135208,1843023421
407,1614496316,545918621,-1913228459,762398334,1689571247,762957465
407,1108671370,761398046,-892080524,-1105938366,-124591194,1337840285
407,-43400127,241108014,1346126415,-1851260780,-1493067604,1306531195
407,-1750135245,-1094724903,-41499242,-1332875141,-1534189116,-577863902
407,289987324,-778226748,1279133359,-122581236,-2042774642,1462408964
407,2126502757,-772537030,-236701899,-565953963,1920509787,1927860188
407,-260800586,890725624,-1575631665,-1091984373,-1127772261,-1491312880
407,1667853138,-1627715772,1690008336,-717336125,592900920,2047975179
407,-1245399171,1188063382,1759923615,912535095,1857951398,-1108405454
407,-1302645410,-1397998785,-1543939673,535564692,51485428,-843722029
407,-975014855,-407569714,1523606142,-241876497,-301391245,1722434547
407,209807903,-377914187,979129646,-1241828799,564955085,1292189228
407,-650152668,2015386385,-468743260,1619171560,1491348963,-1413505837
407,-1486455179,2030433622,386282218,-1753678205,-2064957991,1416905895
407,-2063323537,603659763,101200945,-1777710859,-798265535,1230663311
407,-1880325680,-1429221488,2041427317,-729414896,1026070010,128925006
407,-1824025959,265729061,2010970200,1438836769,-315895029,1769188065
407,-2083363655,-350866688,842251638,-835756578,1138030030,1356342044
407,-492910256,1456637680,536156139,1933517586,-225941516,-1513577169
407,-496510190,-969694955,-294006887,1149193969,-886685927,1461911639
407,450185970,1119548740,-846986297,314494867,1010630262,-1680934338
407,686796480,1267482633,1854266470,291733042,796845848,-1932122741
407,-837038873,-23075788,-783994515,-293619422,-285879644,-808689240
407,2095921666,-331710307,1740047235,1971004695,1297498412,-1858244479
407,-1252412965,799029348,645126437,-554059697,-10503710,-1214890155
407,929763955,1325572651,2069033658,-354519086,1232932696,-705869303
407,1652174249,1046742852,-1013938342,1726860477,2092267425,-1198324504
407,-146955902,1279804440,-1623974277,-1565018761,1827285743,-355246689
407,-1028833077,-1849084432,-1368372757,-1012835990,1479563742,2143283875
407,149633836,371842177,704063752,-1156563996,650465868,680469492
407,-1446284695,-2063815249,-1177496901,933654001,-858353624,-1293963053
407,523791217,461380390,1628990674,1684960090,752675045,304695615
407,1650385194,-1165660353,-1306537257,622184516,875522439,-101959520
